{
  "data": [
    { "disp":  0.0, "load":   0.000 },
    { "disp":  0.1, "load":   0.001 },
    { "disp":  0.2, "load":   0.009 },
    { "disp":  0.3, "load":   0.011 },
    { "disp":  0.4, "load":   0.000 },
    { "disp":  0.5, "load":   0.000 },
    { "disp":  0.6, "load":   0.000 },
    { "disp":  0.7, "load":   0.040 },
    { "disp":  0.8, "load":   0.000 },
    { "disp":  0.9, "load":   0.000 },
    { "disp":  1.0, "load":   0.000 },
    { "disp":  1.1, "load":   0.000 },
    { "disp":  1.2, "load":   0.000 },
    { "disp":  1.3, "load":   0.000 },
    { "disp":  1.4, "load":   0.000 },
    { "disp":  1.5, "load":   0.100 },
    { "disp":  1.6, "load":   0.300 },
    { "disp":  1.7, "load":   0.800 },
    { "disp":  1.8, "load":   1.400 },
    { "disp":  1.9, "load":   1.900 },
    { "disp":  2.0, "load":   2.000 },
    { "disp":  2.1, "load":   2.100 },
    { "disp":  2.2, "load":   2.200 },
    { "disp":  2.3, "load":   2.300 },
    { "disp":  2.4, "load":   2.800 },
    { "disp":  2.5, "load":   3.100 },
    { "disp":  2.6, "load":   3.400 },
    { "disp":  2.7, "load":   3.800 },
    { "disp":  2.8, "load":   4.400 },
    { "disp":  2.9, "load":   5.500 },
    { "disp":  3.0, "load":   6.150 },
    { "disp":  3.1, "load":   6.850 },
    { "disp":  3.2, "load":   7.200 },
    { "disp":  3.3, "load":   8.300 },
    { "disp":  3.4, "load":   8.800 },
    { "disp":  3.5, "load":   9.100 },
    { "disp":  3.6, "load":   9.400 },
    { "disp":  3.7, "load":   9.800 },
    { "disp":  3.8, "load":   9.400 },
    { "disp":  3.9, "load":  10.500 },
    { "disp":  4.0, "load":  11.500 },
    { "disp":  4.1, "load":  12.500 },
    { "disp":  4.2, "load":  12.000 },
    { "disp":  4.3, "load":  13.500 },
    { "disp":  4.4, "load":  14.500 },
    { "disp":  4.5, "load":  14.800 },
    { "disp":  4.6, "load":  15.100 },
    { "disp":  4.7, "load":  15.900 },
    { "disp":  4.8, "load":  16.500 },
    { "disp":  4.9, "load":  16.900 },
    { "disp":  5.0, "load":  17.300 },
    { "disp":  5.1, "load":  17.000 },
    { "disp":  5.2, "load":  17.100 },
    { "disp":  5.3, "load":  18.500 },
    { "disp":  5.4, "load":  20.500 },
    { "disp":  5.5, "load":  21.800 },
    { "disp":  5.6, "load":  22.500 },
    { "disp":  5.7, "load":  23.500 },
    { "disp":  5.8, "load":  24.800 },
    { "disp":  5.9, "load":  25.900 },
    { "disp":  6.0, "load":  25.200 },
    { "disp":  6.1, "load":  25.500 },
    { "disp":  6.2, "load":  26.900 },
    { "disp":  6.3, "load":  27.300 },
    { "disp":  6.4, "load":  27.500 },
    { "disp":  6.5, "load":  30.500 },
    { "disp":  6.6, "load":  31.500 },
    { "disp":  6.7, "load":  32.500 },
    { "disp":  6.8, "load":  32.800 },
    { "disp":  6.9, "load":  33.500 },
    { "disp":  7.0, "load":  34.500 },
    { "disp":  8.1, "load":  34.800 },
    { "disp":  8.2, "load":  35.750 },
    { "disp":  8.3, "load":  35.250 },
    { "disp":  8.4, "load":  35.900 },
    { "disp":  8.5, "load":  36.900 },
    { "disp":  8.6, "load":  37.300 },
    { "disp":  8.7, "load":  37.500 },
    { "disp":  8.8, "load":  40.500 },
    { "disp":  8.9, "load":  41.500 },
    { "disp":  9.0, "load":  40.500 },
    { "disp":  9.1, "load":  35.800 },
    { "disp":  9.2, "load":  35.100 },
    { "disp":  9.3, "load":  32.500 },
    { "disp":  9.4, "load":  30.800 },
    { "disp":  9.5, "load":  25.100 },
    { "disp":  9.6, "load":  24.500 },
    { "disp":  9.7, "load":  20.500 },
    { "disp":  9.8, "load":  22.800 },
    { "disp":  9.9, "load":  25.600 },
    { "disp": 10.0, "load":  25.100 },
    { "disp": 10.1, "load":  22.800 },
    { "disp": 10.2, "load":  20.500 },
    { "disp": 10.3, "load":  18.100 },
    { "disp": 10.4, "load":  17.200 },
    { "disp": 10.5, "load":  19.100 },
    { "disp": 10.6, "load":  20.500 },
    { "disp": 10.7, "load":  20.500 },
    { "disp": 10.8, "load":  21.800 },
    { "disp": 10.9, "load":  22.600 }
	
  ]
}